,Wheel RPM,Peak Axle Fx [N],Combined Axle Torque [Nm],Scaled Combined Axle Torque [Nm],,,,,tire radius [m],scaling factor
233,68.45161959,4516.59472,917.7720471,596.5518306,,,,,0.2032,0.65
259,90.16058317,4515.287221,917.5063633,596.3791362,,,,,,
285,105.945013,4514.152809,917.2758509,596.2293031,,,,,,
311,118.3907072,4513.20078,917.0823985,596.103559,,,,,,
312,141.3577874,4514.424365,917.331031,596.2651702,,,,,,
286,148.8835232,4516.455541,917.743766,596.5334479,,,,,,
260,155.9272237,4518.726976,918.2053216,596.833459,,,,,,
234,162.5895239,4521.240991,918.7161693,597.16551,,,,,,
232,212.0777748,4525.490385,919.5796463,597.7267701,,,,,,
258,217.050631,4523.890606,919.2545712,597.5154713,,,,,,
284,221.3011092,4522.478768,918.9676857,597.3289957,,,,,,
310,224.9534143,4521.262801,918.7206011,597.1683907,,,,,,
313,230.8568729,4521.612198,918.7915987,597.2145392,,,,,,
287,233.4970199,4523.427659,919.1605004,597.4543253,,,,,,
261,236.1300002,4525.492149,919.5800047,597.7270031,,,,,,
235,238.7742508,4527.807325,920.0504484,598.0327914,,,,,,
231,293.6225289,4534.578529,921.4263572,598.9271322,,,,,,
257,294.9363532,4532.676288,921.0398217,598.6758841,,,,,,
314,295.6173733,4528.960144,920.2847012,598.1850558,,,,,,
283,295.9240204,4530.977577,920.6946436,598.4515184,,,,,,
288,296.0009673,4530.551548,920.6080746,598.3952485,,,,,,
262,296.4876649,4532.401339,920.9839521,598.6395689,,,,,,
309,296.6393357,4529.488888,920.3921421,598.2548924,,,,,,
236,297.0849383,4534.510447,921.4125228,598.9181398,,,,,,
335,297.128591,4528.215594,920.1334086,598.0867156,,,,,,
210,297.7991246,4536.879281,921.8938698,599.2310154,,,,,,
211,350.8058248,4544.240196,923.3896078,600.2032451,,,,,,
237,351.6242627,4542.099431,922.9546043,599.9204928,,,,,,
263,352.6196787,4540.228832,922.5744986,599.6734241,,,,,,
289,353.7912938,4538.628854,922.2493832,599.4620991,,,,,,
334,353.9999546,4536.339971,921.7842821,599.1597833,,,,,,
308,355.2543349,4537.881311,922.0974824,599.3633635,,,,,,
282,356.4158694,4539.651523,922.4571895,599.5971732,,,,,,
256,357.458256,4541.64655,922.862579,599.8606764,,,,,,
212,394.612055,4551.215869,924.8070647,601.124592,,,,,,
238,396.579486,4549.299052,924.4175674,600.8714188,,,,,,
264,398.7624493,4547.662374,924.0849944,600.6552463,,,,,,
290,401.16387,4546.30715,923.809613,600.4762484,,,,,,
333,403.9070725,4544.624548,923.4677082,600.2540103,,,,,,
307,406.5127949,4546.442156,923.8370461,600.49408,,,,,,
281,409.1147087,4548.502674,924.2557434,600.7662332,,,,,,
255,411.6980144,4550.803411,924.7232531,601.0701145,,,,,,
213,434.8664696,4558.33959,926.2546046,602.065493,,,,,,
239,437.8209114,4556.654818,925.912259,601.8429684,,,,,,
265,441.0234787,4555.260762,925.6289869,601.6588415,,,,,,
291,444.4802594,4554.159659,925.4052426,601.5134077,,,,,,
332,449.1945337,4553.071238,925.1840755,601.3696491,,,,,,
306,452.9369248,4555.173303,925.6112151,601.6472898,,,,,,
280,456.7440018,4557.532845,926.0906741,601.9589382,,,,,,
254,460.6090045,4560.14858,926.6221915,602.3044245,,,,,,
214,472.500933,4565.614938,927.7329553,603.026421,,,,,,
240,476.3387654,4564.170547,927.4394551,602.8356458,,,,,,
266,480.4543241,4563.028067,927.2073032,602.684747,,,,,,
292,484.8565693,4562.190718,927.0371538,602.57415,,,,,,
331,491.1572388,4561.681756,926.9337328,602.5069263,,,,,,
305,495.9018455,4564.076393,927.420323,602.8232099,,,,,,
279,500.7680164,4566.743565,927.9622923,603.17549,,,,,,
189,503.764681,4574.550429,929.5486473,604.2066207,,,,,,
253,505.7552067,4569.683423,928.5596716,603.5637865,,,,,,
215,508.1200443,4573.045522,929.2428501,604.0078526,,,,,,
241,512.7706026,4571.850077,928.9999356,603.8499582,,,,,,
267,517.7268621,4570.96837,928.8207729,603.7335024,,,,,,
293,523.0004772,4570.404669,928.7062288,603.6590487,,,,,,
356,525.1104667,4568.048628,928.2274812,603.3478628,,,,,,
330,530.5983122,4570.457594,928.7169832,603.6660391,,,,,,
304,536.2534031,4573.152799,929.2646488,604.0220217,,,,,,
190,537.0493522,4581.893624,931.0407845,605.1765099,,,,,,
278,542.0794906,4576.136038,929.8708429,604.4160479,,,,,,
216,542.1424029,4580.634968,930.7850254,605.0102665,,,,,,
242,547.5554032,4579.697256,930.5944823,604.8864135,,,,,,
252,548.0811146,4579.408917,930.5358919,604.8483298,,,,,,
268,553.3011671,4579.085754,930.4702252,604.8056464,,,,,,
355,561.7639685,4576.697217,929.9848744,604.4901684,,,,,,
329,568.0554987,4579.399995,930.5340789,604.8471513,,,,,,
191,569.0776942,4589.390907,932.5642323,606.166751,,,,,,
303,574.5546038,4582.403596,931.1444106,605.2438669,,,,,,
217,574.8720455,4588.386903,932.3602187,606.0341422,,,,,,
243,581.010663,4587.715924,932.2238757,605.9455192,,,,,,
277,581.2689061,4585.711112,931.816498,605.6807237,,,,,,
269,587.5085981,4587.384278,932.1564853,605.9017154,,,,,,
354,596.8607601,4585.506043,931.7748279,605.6536381,,,,,,
192,600.0697082,4597.045704,934.1196871,607.1777966,,,,,,
328,603.9089803,4588.509919,932.3852154,606.05039,,,,,,
218,606.5380838,4596.304947,933.9691653,607.0799575,,,,,,
302,611.2016653,4591.829521,933.0597586,606.4888431,,,,,,
244,613.3748291,4595.909897,933.8888911,607.0277792,,,,,,
276,618.7497887,4595.469235,933.7993486,606.9695766,,,,,,
270,620.5971775,4595.86796,933.8803694,607.0222401,,,,,,
193,630.1965781,4604.86143,935.7078425,608.2100976,,,,,,
353,630.6707263,4594.475975,933.5975182,606.8383868,,,,,,
219,637.3182868,4604.392693,935.6125953,608.1481869,,,,,,
327,638.4386575,4597.788018,934.2705252,607.2758414,,,,,,
245,644.8323922,4604.28295,935.5902954,608.133692,,,,,,
301,646.4851813,4601.430947,935.0107684,607.7569994,,,,,,
168,652.2324096,4613.392888,937.4414348,609.3369326,,,,,,
271,652.758262,4604.540752,935.6426807,608.1677425,,,,,,
275,654.8241935,4605.41042,935.8193973,608.2826082,,,,,,
194,659.594645,4612.84147,937.3293868,609.2641014,,,,,,
352,663.3995001,4603.607595,935.4530632,608.0444911,,,,,,
220,667.3538942,4612.65369,937.2912297,609.2392993,,,,,,
326,671.8571209,4607.234604,936.1900715,608.5235465,,,,,,
246,675.5295717,4612.838789,937.3288419,609.2637473,,,,,,
169,680.4091209,4621.263922,939.040829,610.3765389,,,,,,
300,680.6251202,4611.207842,936.9974336,609.0483318,,,,,,
272,684.1431325,4613.406513,937.4442035,609.3387323,,,,,,
377,686.4087284,4609.306704,936.6111222,608.7972295,,,,,,
195,688.3746161,4620.989168,938.984999,610.3402493,,,,,,
274,689.7199379,4615.534203,937.87655,609.6197575,,,,,,
351,695.2076035,4612.901166,937.3415169,609.271986,,,,,,
221,696.7593376,4621.09142,939.0057765,610.3537547,,,,,,
325,704.3298346,4616.849617,938.1438422,609.7934974,,,,,,
247,705.5845653,4621.581032,939.1052657,610.4184227,,,,,,
170,708.068387,4629.297243,940.6731997,611.4375798,,,,,,
299,713.7921464,4621.15974,939.0196591,610.3627784,,,,,,
196,716.6278489,4629.307801,940.6753452,611.4389744,,,,,,
376,716.8068232,4618.449038,938.4688445,610.0047489,,,,,,
273,723.613174,4625.839607,939.970608,610.9808952,,,,,,
222,725.6288505,4629.709279,940.7569255,611.4920016,,,,,,
350,726.2227925,4622.35661,939.2628631,610.520861,,,,,,
248,735.0944966,4630.513177,940.9202775,611.5981804,,,,,,
171,735.2843879,4637.495938,942.3391747,612.5204635,,,,,,
324,735.9881082,4626.632594,940.1317431,611.085633,,,,,,
197,744.4307677,4637.800562,942.4010743,612.5606983,,,,,,
298,746.1212746,4631.285698,941.0772538,611.700215,,,,,,
375,746.5326655,4627.747128,940.3582165,611.2328407,,,,,,
223,754.0410993,4638.51055,942.5453438,612.6544734,,,,,,
349,756.5483391,4631.973476,941.2170104,611.7910568,,,,,,
172,762.120022,4645.863016,944.0393649,613.6255872,,,,,,
249,764.1402653,4639.638572,942.7745579,612.8034626,,,,,,
323,766.9377736,4636.582636,942.1535917,612.3998346,,,,,,
198,771.848044,4646.470536,944.162813,613.7058284,,,,,,
374,775.6689831,4637.200543,942.2791503,612.4814477,,,,,,
297,777.7209745,4641.584271,943.1699238,613.0604505,,,,,,
147,778.8065519,4653.90369,945.6732299,614.6875994,,,,,,
224,782.0625097,4647.498371,944.371669,613.8415849,,,,,,
348,786.2687702,4641.750913,943.2037856,613.0824606,,,,,,
173,788.6291469,4654.40138,945.7743604,614.7533342,,,,,,
250,792.7900223,4648.960383,944.6687498,614.0346874,,,,,,
322,797.2651828,4646.698381,944.209111,613.7359222,,,,,,
199,798.9349357,4655.320671,945.9611603,614.8747542,,,,,,
373,804.2843708,4646.808477,944.2314826,613.7504637,,,,,,
148,804.4817267,4662.310226,947.3814378,615.7979346,,,,,,
296,808.6794498,4652.053472,945.2972654,614.4432225,,,,,,
225,809.7497056,4656.675708,946.2365038,615.0537275,,,,,,
174,814.8582607,4663.113804,947.5447249,615.9040712,,,,,,
347,815.4539559,4651.68764,945.2229285,614.3949035,,,,,,
251,821.1017113,4658.481551,946.6034511,615.2922432,,,,,,
398,821.1267689,4651.77104,945.2398753,614.405919,,,,,,
200,825.7390377,4664.353751,947.7966821,616.0678434,,,,,,
321,827.0414736,4656.97797,946.2979235,615.0936503,,,,,,
149,829.9192554,4670.884989,949.1238298,616.9304894,,,,,,
372,832.4361577,4656.569734,946.21497,615.0397305,,,,,,
226,837.1513307,4666.045315,948.1404081,616.2912652,,,,,,
295,839.0690951,4662.690746,947.4587596,615.8481937,,,,,,
175,840.8477822,4672.002907,949.3509907,617.078144,,,,,,
346,844.1620922,4661.781923,947.2740867,615.7281564,,,,,,
397,848.3373031,4661.360132,947.1883788,615.6724462,,,,,,
201,852.3016131,4673.572362,949.669904,617.2854376,,,,,,
150,855.1537795,4679.63045,950.9009074,618.0855898,,,,,,
320,856.3256768,4667.419023,948.4195455,616.4727046,,,,,,
371,860.1725454,4666.482696,948.2292838,616.3490345,,,,,,
227,864.3094293,4675.609702,950.0838914,617.5545294,,,,,,
176,866.63304,4681.071125,951.1936525,618.2758741,,,,,,
294,868.9497383,4673.492941,949.6537656,617.2749476,,,,,,
345,872.4419234,4672.031545,949.35681,617.0819265,,,,,,
396,875.1035506,4671.065615,949.160533,616.9543465,,,,,,
202,878.6586166,4682.978862,951.5813047,618.5278481,,,,,,
151,880.2158003,4688.548903,952.7131371,619.2635391,,,,,,
319,885.1670274,4678.018612,950.5733819,617.8726982,,,,,,
370,887.420443,4676.502693,950.2653471,617.6724756,,,,,,
228,891.2605062,4685.371087,952.0674049,618.8438132,,,,,,
177,892.2450422,4690.320673,953.0731608,619.4975545,,,,,,
126,893.1114919,4696.011956,954.2296294,620.2492591,,,,,,
344,900.1785633,4682.374663,951.4585315,618.4480455,,,,,,
395,901.443432,4680.877015,951.1542095,618.2502362,,,,,,
203,904.8414902,4692.575334,953.5313079,619.7953501,,,,,,
152,905.1322653,4697.642441,954.560944,620.4646136,,,,,,
318,913.3982146,4688.693118,952.7424416,619.282587,,,,,,
369,914.2448633,4686.635604,952.3243547,619.0108305,,,,,,
127,917.3695669,4704.947876,956.0454085,621.4295155,,,,,,
178,917.7110807,4699.753518,954.9899149,620.7434447,,,,,,
229,918.036346,4695.331356,954.0913315,620.1593655,,,,,,
394,927.4813345,4690.826303,953.1759048,619.5643381,,,,,,
343,927.500738,4692.840076,953.5851034,619.8303172,,,,,,
153,929.9066812,4706.905136,956.4431236,621.6880303,,,,,,
204,930.8777847,4702.363553,955.520274,621.0881781,,,,,,
419,939.9617364,4694.958506,954.0155684,620.1101195,,,,,,
368,940.7564842,4696.908233,954.4117529,620.3676394,,,,,,
317,941.231255,4699.502182,954.9388433,620.7102481,,,,,,
128,941.4706501,4714.032846,957.8914743,622.6294583,,,,,,
179,943.0147919,4709.355666,956.9410712,622.0116963,,,,,,
230,944.6646537,4705.492009,956.1559762,621.5013846,,,,,,
393,953.2418776,4700.910673,955.2250487,620.8962817,,,,,,
342,954.4977817,4703.446393,955.7403071,621.2311996,,,,,,
154,954.5246059,4716.324142,958.3570656,622.9320926,,,,,,
205,956.7232259,4712.318047,957.5430271,622.4029676,,,,,,
418,965.0235382,4704.858775,956.027303,621.4177469,,,,,,
129,965.4848982,4723.287253,959.7719698,623.8517804,,,,,,
367,966.9797384,4707.317078,956.5268303,621.7424397,,,,,,
180,968.1674018,4719.123456,958.9258863,623.3018261,,,,,,
316,968.7250779,4710.452538,957.1639557,622.1565712,,,,,,
392,978.7460094,4711.126871,957.3009803,622.2456372,,,,,,
155,979.0555747,4725.919634,960.3068697,624.1994653,,,,,,
341,981.1938731,4714.189313,957.9232684,622.6501245,,,,,,
206,982.4290726,4722.450124,959.6018651,623.7412123,,,,,,
130,989.4288171,4732.712179,961.6871148,625.0966246,,,,,,
417,989.8568818,4714.886751,958.0649878,622.742242,,,,,,
366,992.9352815,4717.858148,958.6687757,623.1347042,,,,,,
181,993.2325434,4729.074811,960.9480016,624.616201,,,,,,
315,995.9035437,4721.538967,959.4167182,623.6208668,,,,,,
105,999.3239077,4739.505774,963.0675732,625.9939226,,,,,,
156,1003.515989,4735.6924,962.2926957,625.4902522,,,,,,
391,1004.011495,4721.471191,959.402946,623.6119149,,,,,,
340,1007.609308,4725.063995,960.1330037,624.0864524,,,,,,
207,1008.046391,4732.772782,961.6994293,625.104629,,,,,,
131,1013.317042,4742.308386,963.6370641,626.3640917,,,,,,
416,1014.477139,4725.038989,960.1279226,624.0831497,,,,,,
182,1018.226404,4739.210132,963.0074988,625.9548742,,,,,,
365,1018.640498,4728.526949,960.836676,624.5438394,,,,,,
106,1022.669486,4748.927355,964.9820386,627.2383251,,,,,,
157,1027.920272,4745.642843,964.3146257,626.8045067,,,,,,
390,1029.053316,4731.939458,961.5300979,624.9945636,,,,,,
208,1033.591024,4743.285932,963.8357014,626.4932059,,,,,,
339,1033.761035,4736.065055,962.3684192,625.5394725,,,,,,
132,1037.162493,4752.076278,965.6218997,627.6542348,,,,,,
415,1038.8973,4735.311612,962.2153195,625.4399577,,,,,,
183,1043.163076,4749.529363,965.1043666,627.3178383,,,,,,
364,1044.109921,4739.318484,963.0295159,625.9691853,,,,,,
107,1045.984104,4758.514905,966.9302287,628.5046487,,,,,,
440,1048.216327,4738.652126,962.8941121,625.8811729,,,,,,
158,1052.281029,4755.770939,966.3726548,628.1422256,,,,,,
389,1053.884013,4742.527032,963.6814928,626.3929703,,,,,,
209,1059.076595,4753.988939,966.0105524,627.906859,,,,,,
338,1059.663096,4747.186576,964.6283122,627.008403,,,,,,
133,1060.9765,4762.015864,967.6416236,628.9670554,,,,,,
414,1063.128241,4745.700303,964.3263016,626.812096,,,,,,
184,1068.054721,4760.031944,967.2384911,628.7050192,,,,,,
108,1069.277997,4768.268462,968.9121515,629.7928985,,,,,,
363,1069.355594,4750.227253,965.2461779,627.4100156,,,,,,
439,1071.882518,4748.846588,964.9656267,627.2276574,,,,,,
159,1076.609172,4766.076199,968.4666836,629.5033444,,,,,,
388,1078.513971,4753.228799,965.856092,627.8064598,,,,,,
134,1084.768907,4772.12672,969.6961496,630.3024972,,,,,,
337,1085.327003,4758.422109,966.9113725,628.4923921,,,,,,
413,1087.178963,4756.200308,966.4599027,628.1989367,,,,,,
109,1092.560086,4778.187664,970.9277333,631.1030267,,,,,,
185,1092.911696,4770.716764,969.4096465,630.1162702,,,,,,
362,1094.387372,4761.247265,967.4854442,628.8655387,,,,,,
438,1095.386867,4759.149626,967.059204,628.5884826,,,,,,
84,1100.006415,4784.262388,972.1621173,631.9053762,,,,,,
160,1100.914027,4776.557621,970.5965087,630.8877306,,,,,,
387,1102.951665,4764.039183,968.0527619,629.2342953,,,,,,
135,1108.548152,4782.407948,971.785295,631.6604418,,,,,,
336,1110.762053,4769.764689,969.2161848,629.9905201,,,,,,
412,1111.056798,4766.806436,968.6150679,629.5997941,,,,,,
110,1115.838044,4788.271708,972.9768111,632.4349272,,,,,,
186,1117.742662,4781.582113,971.6174853,631.5513654,,,,,,
437,1118.735741,4769.556404,969.1738612,629.9630098,,,,,,
361,1119.21319,4772.37204,969.7459985,630.334899,,,,,,
85,1122.805467,4794.152087,974.1717041,633.2116077,,,,,,
161,1125.203415,4787.213651,972.7618139,632.295179,,,,,,
386,1127.20389,4774.952151,970.2702771,630.6756801,,,,,,
136,1132.321336,4792.858135,973.9087731,633.0407025,,,,,,
411,1134.76758,4777.513063,970.7906544,631.0139254,,,,,,
111,1139.118352,4798.519315,975.0591247,633.7884311,,,,,,
436,1141.934183,4780.06168,971.3085333,631.3505467,,,,,,
187,1142.554673,4792.625635,973.861529,633.0099939,,,,,,
360,1143.839282,4783.594632,972.0264292,631.817179,,,,,,
86,1145.6144,4804.200182,976.213477,634.5387601,,,,,,
162,1149.483725,4798.042136,974.9621621,633.7254054,,,,,,
385,1151.275945,4785.961231,972.5073222,632.1297594,,,,,,
137,1156.094278,4803.475317,976.0661845,634.4430199,,,,,,
410,1158.315823,4788.314149,972.9854352,632.4405328,,,,,,
112,1162.406337,4808.928691,977.17431,635.1633015,,,,,,
435,1164.986041,4790.659814,973.4620742,632.7503482,,,,,,
188,1167.353249,4803.844288,976.1411593,634.4917535,,,,,,
359,1168.270389,4794.907646,974.3252337,633.3114019,,,,,,
87,1168.43812,4814.405039,978.2871039,635.8866175,,,,,,
163,1173.759971,4809.040286,977.1969861,635.178041,,,,,,
384,1175.171802,4797.059523,974.7624952,633.5956219,,,,,,
138,1179.87156,4814.256935,978.2570093,635.867056,,,,,,
409,1181.704856,4799.203252,975.1981008,633.8787655,,,,,,
113,1185.706212,4819.497493,979.3218906,636.5592289,,,,,,
434,1187.894101,4801.34478,975.6332593,634.1616186,,,,,,
88,1191.280522,4824.764511,980.3921486,637.2548966,,,,,,
358,1192.509933,4806.303261,976.6408226,634.8165347,,,,,,
63,1196.609664,4830.059886,981.4681688,637.9543097,,,,,,
164,1198.03584,4820.204631,979.465581,636.6526276,,,,,,
383,1198.894251,4808.23972,977.034311,635.0723022,,,,,,
139,1203.656565,4825.199801,980.4805996,637.3123897,,,,,,
408,1204.936945,4810.173536,977.4272626,635.3277207,,,,,,
114,1209.0211,4830.22279,981.501271,637.9758261,,,,,,
433,1210.66019,4812.110181,977.8207888,635.5835127,,,,,,
89,1214.144507,4835.275906,982.528064,638.6432416,,,,,,
357,1216.56017,4817.773251,978.9715246,636.331491,,,,,,
64,1219.040579,4840.360825,983.5613196,639.3148577,,,,,,
165,1222.313724,4831.530979,981.7670949,638.1486117,,,,,,
382,1222.445033,4819.494123,979.3212058,636.5587838,,,,,,
140,1227.451494,4836.300052,982.7361706,638.7785109,,,,,,
407,1228.013403,4821.217794,979.6714557,636.7864462,,,,,,
115,1232.353047,4841.101024,983.7117281,639.4126233,,,,,,
432,1233.285271,4822.94926,980.0232897,637.0151383,,,,,,
90,1237.031994,4845.935944,984.6941837,640.0512194,,,,,,
65,1241.50082,4850.806258,985.6838316,640.6944905,,,,,,
381,1245.824962,4830.814679,981.6215427,638.0540028,,,,,,
166,1246.594752,4843.014377,984.1005215,639.665339,,,,,,
406,1250.934703,4832.328468,981.9291447,638.253944,,,,,,
141,1251.257397,4847.553118,985.0227936,640.2648158,,,,,,
116,1255.703045,4852.127975,985.9524046,640.869063,,,,,,
431,1255.769541,4833.854925,982.2393208,638.4555585,,,,,,
91,1259.943935,4856.74073,986.8897163,641.4783156,,,,,,
66,1263.991312,4861.39259,987.8349742,642.0927332,,,,,,
380,1269.034057,4842.193007,983.933619,639.5568524,,,,,,
167,1270.878823,4854.649082,986.4646934,641.2020507,,,,,,
405,1273.700588,4843.497686,984.1987299,639.7291744,,,,,,
142,1275.074195,4858.953688,987.3393895,641.7706031,,,,,,
430,1278.112517,4844.819774,984.4673782,639.9037958,,,,,,
117,1279.07105,4863.298735,988.222303,642.3444969,,,,,,
92,1282.880329,4867.685727,989.1137396,642.9239308,,,,,,
67,1286.512104,4872.115624,990.0138948,643.5090316,,,,,,
42,1289.975661,4876.588876,990.9228597,644.0998588,,,,,,
379,1292.071647,4853.620441,986.2556737,641.0661879,,,,,,
404,1296.310161,4854.717292,986.4785538,641.21106,,,,,,
143,1298.900717,4870.495692,989.6847247,643.2950711,,,,,,
429,1300.313129,4855.836126,986.7059008,641.3588355,,,,,,
118,1302.456008,4874.607683,990.5202812,643.8381828,,,,,,
93,1305.840242,4878.765729,991.365196,644.3873774,,,,,,
68,1309.06238,4882.97054,992.2196137,644.9427489,,,,,,
43,1312.130699,4887.222343,993.0835801,645.5043271,,,,,,
378,1314.936479,4865.088074,988.5858966,642.5808328,,,,,,
403,1318.761985,4865.978883,988.7669091,642.6984909,,,,,,
428,1322.369801,4866.896052,988.9532777,642.8196305,,,,,,
144,1322.734726,4882.172281,992.0574074,644.8373148,,,,,,
119,1325.85588,4886.048469,992.8450489,645.3492818,,,,,,
94,1328.821824,4889.974846,993.6428887,645.8678777,,,,,,
69,1331.640473,4893.951874,994.4510208,646.3931635,,,,,,
44,1334.319153,4897.979556,995.2694457,646.9251397,,,,,,
402,1341.05417,4877.273851,991.0620465,644.1903302,,,,,,
427,1344.280526,4877.991412,991.2078548,644.2851057,,,,,,
145,1346.572962,4893.975815,994.4558856,646.3963256,,,,,,
120,1349.26767,4897.613999,995.1951647,646.876857,,,,,,
95,1351.822333,4901.306492,995.9454791,647.3645614,,,,,,
70,1354.243884,4905.053507,996.7068726,647.8594672,,,,,,
45,1356.538753,4908.854828,997.4793011,648.3615457,,,,,,
401,1363.184457,4888.593422,993.3621834,645.6854192,,,,,,
426,1366.042943,4889.113893,993.4679431,645.754163,,,,,,
146,1370.41118,4905.897868,996.8784467,647.9709904,,,,,,
121,1372.687461,4909.296437,997.569036,648.4198734,,,,,,
96,1374.838161,4912.753374,998.2714857,648.8764657,,,,,,
71,1376.8693,4916.268654,998.9857906,649.3407639,,,,,,
46,1378.786465,4919.841846,999.7118632,649.8127111,,,,,,
21,1380.594812,4923.472109,1000.449532,650.2921961,,,,,,
400,1385.150291,4899.928705,995.6655128,647.1825833,,,,,,
425,1387.654408,4900.25505,995.7318262,647.225687,,,,,,
122,1396.11045,4921.087203,999.9649196,649.9771977,,,,,,
97,1397.864868,4924.307499,1000.619284,650.4025345,,,,,,
72,1399.51262,4927.589865,1001.286261,650.8360694,,,,,,
47,1401.058514,4930.933666,1001.965721,651.2777186,,,,,,
22,1402.506985,4934.337876,1002.657456,651.7273467,,,,,,
399,1406.948904,4911.270731,997.9702125,648.6806381,,,,,,
424,1409.112059,4911.406344,997.997769,648.6985499,,,,,,
123,1419.531,4932.976988,1002.380924,651.5476006,,,,,,
98,1420.897216,4935.960178,1002.987108,651.9416203,,,,,,
73,1422.16899,4939.009028,1003.606635,652.3443125,,,,,,
48,1423.350405,4942.122713,1004.239335,652.755568,,,,,,
23,1424.44523,4945.300036,1004.884967,653.1752288,,,,,,
423,1430.412883,4922.559184,1000.264026,650.171617,,,,,,
124,1442.942686,4944.95578,1004.815015,653.1297594,,,,,,
99,1443.929215,4947.702044,1005.373055,653.4924859,,,,,,
74,1444.832831,4950.517383,1005.945132,653.864336,,,,,,
49,1445.656955,4953.400794,1006.531041,654.2451769,,,,,,
24,1446.404738,4956.350924,1007.130508,654.63483,,,,,,
422,1451.553766,4933.704971,1002.52885,651.6437525,,,,,,
125,1466.338357,4957.012888,1007.265019,654.7222623,,,,,,
100,1466.954172,4959.52308,1007.77509,655.0538084,,,,,,
75,1467.49789,4962.105541,1008.299846,655.3948998,,,,,,
50,1467.972325,4964.75911,1008.839051,655.7453832,,,,,,
25,1468.380069,4967.482294,1009.392402,656.1050614,,,,,,
0,1468.723559,4970.273304,1009.959535,656.473698,,,,,,
421,1472.531557,4944.835136,1004.7905,653.1138247,,,,,,
101,1489.964745,4971.412649,1010.19105,656.6241826,,,,,,
76,1490.157278,4973.763511,1010.668746,656.9346846,,,,,,
51,1490.290062,4976.188279,1011.161458,657.2549478,,,,,,
26,1490.365187,4978.685339,1011.668861,657.5847595,,,,,,
1,1490.384621,4981.252798,1012.190569,657.9238696,,,,,,
420,1493.343105,4955.94118,1007.047248,654.580711,,,,,,
2,1512.056133,4992.295793,1014.434505,659.3824283,,,,,,
27,1512.353496,4989.95071,1013.957984,659.0726898,,,,,,
52,1512.603145,4987.678367,1013.496244,658.7725588,,,,,,
77,1512.803528,4985.48074,1013.049686,658.4822961,,,,,,
102,1512.953005,4983.359537,1012.618658,658.2021277,,,,,,
3,1533.731405,5003.392999,1016.689457,660.8481473,,,,,,
28,1534.337889,5001.268557,1016.257771,660.567551,,,,,,
53,1534.904033,4999.218928,1015.841286,660.296836,,,,,,
78,1535.428652,4997.24615,1015.440418,660.0362715,,,,,,
103,1535.910505,4995.352007,1015.055528,659.7860931,,,,,,
4,1555.403285,5014.534668,1018.953445,662.319739,,,,,,
29,1556.310799,5012.62856,1018.566123,662.0679802,,,,,,
54,1557.184729,5010.799044,1018.194366,661.8263378,,,,,,
79,1558.024211,5009.048199,1017.838594,661.5950861,,,,,,
104,1558.828352,5007.377856,1017.49918,661.3744673,,,,,,
5,1577.064214,5025.710632,1021.2244,663.7958603,,,,,,
30,1578.264253,5024.019983,1020.880861,663.5725594,,,,,,
55,1579.43684,5022.407387,1020.553181,663.3595676,,,,,,
80,1580.581388,5020.874935,1020.241787,663.1571615,,,,,,
6,1598.706273,5036.910348,1023.500183,665.2751187,,,,,,
31,1600.189936,5035.431725,1023.199726,665.0798222,,,,,,
56,1601.651651,5034.03227,1022.915357,664.8949822,,,,,,
81,1603.091059,5032.71407,1022.647499,664.7208743,,,,,,
83,1608.917652,5028.75949,1021.843928,664.1985534,,,,,,
58,1609.717401,5031.600655,1022.421253,664.5738145,,,,,,
33,1610.652226,5034.644358,1023.039733,664.9758268,,,,,,
8,1611.482716,5037.706257,1023.661911,665.3802424,,,,,,
82,1618.764811,5039.7541,1024.078033,665.6507215,,,,,,
57,1619.815156,5042.819142,1024.70085,666.0555522,,,,,,
7,1620.321245,5048.122951,1025.778584,666.7560794,,,,,,
9,1620.586445,5040.101811,1024.148688,665.6966471,,,,,,
32,1621.276207,5046.014155,1025.350076,666.4775496,,,,,,
34,1621.835041,5038.541283,1023.831589,665.4905327,,,,,,
59,1623.051726,5037.05283,1023.529135,665.2939378,,,,,,
10,1641.147668,5050.698423,1026.30192,667.0962477,,,,,,
35,1642.638686,5049.325096,1026.02286,666.9148587,,,,,,
60,1644.101817,5048.024124,1025.758502,666.7430263,,,,,,
11,1661.667573,5061.291066,1028.454345,668.495324,,,,,,
36,1663.39274,5060.101105,1028.212545,668.3381539,,,,,,
61,1665.093489,5058.983457,1027.985438,668.190535,,,,,,
12,1682.139189,5071.870329,1030.604051,669.8926331,,,,,,
37,1684.089963,5070.859495,1030.398649,669.7591221,,,,,,
62,1686.019268,5069.920617,1030.207869,669.6351151,,,,,,
13,1702.55545,5082.426699,1032.749105,671.2869184,,,,,,
38,1704.723056,5081.590378,1032.579165,671.1764571,,,,,,
14,1722.909232,5092.950603,1034.887562,672.6769156,,,,,,
39,1725.284723,5092.283844,1034.752077,672.5888502,,,,,,
15,1743.193402,5103.432449,1037.017474,674.0613578,,,,,,
40,1745.767683,5102.929994,1036.915375,673.9949937,,,,,,
16,1763.400827,5113.86265,1039.136891,675.4389788,,,,,,
41,1766.164686,5113.518959,1039.067053,675.3935842,,,,,,
17,1783.524418,5124.231673,1041.243876,676.8085193,,,,,,
18,1803.557184,5134.530086,1043.336513,678.1687337,,,,,,
19,1823.492274,5144.748612,1045.412918,679.5183967,,,,,,
20,1843.323025,5154.878175,1047.471245,680.8563093,,,,,,
